{"cameraMode":{"drawMode":0,"name":"Shaded","section":"Shading Mode"},"sceneLighting":true,"audioPlay":false,"sceneViewState":{"m_AlwaysRefresh":false,"showFog":true,"showSkybox":true,"showFlares":true,"showImageEffects":true,"showParticleSystems":true,"showVisualEffectGraphs":true,"m_FxEnabled":true},"in2DMode":false,"pivot":{"x":-260.4646911621094,"y":63.48921203613281,"z":0.19037485122680665},"rotation":{"x":0.057407088577747348,"y":-0.7486269474029541,"z":0.06369571387767792,"w":0.6580056548118591},"size":19.923328399658204,"orthographic":false}