{"cameraMode":{"drawMode":0,"name":"Shaded","section":"Shading Mode"},"sceneLighting":true,"audioPlay":false,"sceneViewState":{"m_AlwaysRefresh":false,"showFog":true,"showSkybox":true,"showFlares":true,"showImageEffects":true,"showParticleSystems":true,"showVisualEffectGraphs":true,"m_FxEnabled":true},"in2DMode":false,"pivot":{"x":-205.30250549316407,"y":64.96126556396485,"z":-0.0027894973754882814},"rotation":{"x":0.07488694041967392,"y":0.8335748314857483,"z":-0.11937633156776428,"w":0.5350817441940308},"size":12.669951438903809,"orthographic":false}